<?xml version="1.0"?>
<mysqldump xmlns:xsi="http://www.w3.org/2001/XMLSchema-instance">
<database name="phpvms_test">
	<table_structure name="phpvms_acarsdata">
		<field Field="id" Type="int(11)" Null="NO" Key="PRI" Extra="auto_increment" Comment="" />
		<field Field="pilotid" Type="varchar(11)" Null="NO" Key="MUL" Default="0" Extra="" Comment="" />
		<field Field="flightnum" Type="varchar(11)" Null="NO" Key="" Default="0" Extra="" Comment="" />
		<field Field="pilotname" Type="varchar(100)" Null="NO" Key="" Default="" Extra="" Comment="" />
		<field Field="aircraft" Type="varchar(12)" Null="NO" Key="" Default="" Extra="" Comment="" />
		<field Field="lat" Type="varchar(15)" Null="NO" Key="" Default="" Extra="" Comment="" />
		<field Field="lng" Type="varchar(15)" Null="NO" Key="" Default="" Extra="" Comment="" />
		<field Field="heading" Type="smallint(6)" Null="NO" Key="" Default="0" Extra="" Comment="" />
		<field Field="alt" Type="varchar(6)" Null="NO" Key="" Default="" Extra="" Comment="" />
		<field Field="gs" Type="int(11)" Null="NO" Key="" Default="0" Extra="" Comment="" />
		<field Field="depicao" Type="varchar(4)" Null="NO" Key="" Default="" Extra="" Comment="" />
		<field Field="depapt" Type="varchar(255)" Null="NO" Key="" Default="" Extra="" Comment="" />
		<field Field="arricao" Type="varchar(4)" Null="NO" Key="" Default="" Extra="" Comment="" />
		<field Field="arrapt" Type="text" Null="NO" Key="" Extra="" Comment="" />
		<field Field="deptime" Type="time" Null="NO" Key="" Default="00:00:00" Extra="" Comment="" />
		<field Field="timeremaining" Type="varchar(6)" Null="NO" Key="" Default="" Extra="" Comment="" />
		<field Field="arrtime" Type="time" Null="NO" Key="" Default="00:00:00" Extra="" Comment="" />
		<field Field="route" Type="text" Null="NO" Key="" Extra="" Comment="" />
		<field Field="route_details" Type="text" Null="NO" Key="" Extra="" Comment="" />
		<field Field="distremain" Type="varchar(6)" Null="NO" Key="" Default="" Extra="" Comment="" />
		<field Field="phasedetail" Type="varchar(255)" Null="NO" Key="" Default="" Extra="" Comment="" />
		<field Field="online" Type="varchar(10)" Null="NO" Key="" Default="" Extra="" Comment="" />
		<field Field="messagelog" Type="text" Null="NO" Key="" Extra="" Comment="" />
		<field Field="lastupdate" Type="datetime" Null="NO" Key="" Default="0000-00-00 00:00:00" Extra="" Comment="" />
		<field Field="client" Type="varchar(20)" Null="NO" Key="" Default="" Extra="" Comment="" />
		<key Table="phpvms_acarsdata" Non_unique="0" Key_name="PRIMARY" Seq_in_index="1" Column_name="id" Collation="A" Cardinality="0" Null="" Index_type="BTREE" Comment="" />
		<key Table="phpvms_acarsdata" Non_unique="1" Key_name="pilotid" Seq_in_index="1" Column_name="pilotid" Collation="A" Cardinality="0" Null="" Index_type="BTREE" Comment="" />
		<options Name="phpvms_acarsdata" Engine="InnoDB" Version="10" Row_format="Compact" Rows="0" Avg_row_length="0" Data_length="16384" Max_data_length="0" Index_length="16384" Data_free="9437184" Auto_increment="1" Create_time="2011-11-17 20:33:50" Collation="latin1_swedish_ci" Create_options="" Comment="" />
	</table_structure>
	<table_structure name="phpvms_activityfeed">
		<field Field="id" Type="int(11)" Null="NO" Key="PRI" Extra="auto_increment" Comment="" />
		<field Field="pilotid" Type="int(11)" Null="NO" Key="MUL" Default="0" Extra="" Comment="" />
		<field Field="refid" Type="bigint(20)" Null="NO" Key="" Default="0" Extra="" Comment="" />
		<field Field="type" Type="tinyint(4)" Null="NO" Key="" Default="0" Extra="" Comment="" />
		<field Field="message" Type="varchar(100)" Null="NO" Key="" Extra="" Comment="" />
		<field Field="submitdate" Type="datetime" Null="NO" Key="" Extra="" Comment="" />
		<key Table="phpvms_activityfeed" Non_unique="0" Key_name="PRIMARY" Seq_in_index="1" Column_name="id" Collation="A" Cardinality="502" Null="" Index_type="BTREE" Comment="" />
		<key Table="phpvms_activityfeed" Non_unique="1" Key_name="pilotid" Seq_in_index="1" Column_name="pilotid" Collation="A" Null="" Index_type="BTREE" Comment="" />
		<options Name="phpvms_activityfeed" Engine="MyISAM" Version="10" Row_format="Dynamic" Rows="502" Avg_row_length="75" Data_length="38092" Max_data_length="281474976710655" Index_length="14336" Data_free="0" Auto_increment="791" Create_time="2011-04-22 15:49:32" Update_time="2012-01-16 15:31:38" Collation="latin1_swedish_ci" Create_options="" Comment="" />
	</table_structure>
	<table_structure name="phpvms_adminlog">
		<field Field="id" Type="int(11)" Null="NO" Key="PRI" Extra="auto_increment" Comment="" />
		<field Field="pilotid" Type="int(11)" Null="NO" Key="" Extra="" Comment="" />
		<field Field="datestamp" Type="datetime" Null="NO" Key="" Extra="" Comment="" />
		<field Field="message" Type="varchar(255)" Null="NO" Key="" Extra="" Comment="" />
		<key Table="phpvms_adminlog" Non_unique="0" Key_name="PRIMARY" Seq_in_index="1" Column_name="id" Collation="A" Cardinality="79" Null="" Index_type="BTREE" Comment="" />
		<options Name="phpvms_adminlog" Engine="MyISAM" Version="10" Row_format="Dynamic" Rows="79" Avg_row_length="55" Data_length="4380" Max_data_length="281474976710655" Index_length="2048" Data_free="0" Auto_increment="80" Create_time="2011-03-23 18:46:34" Update_time="2012-01-16 15:30:33" Collation="latin1_swedish_ci" Create_options="" Comment="" />
	</table_structure>
	<table_structure name="phpvms_aircraft">
		<field Field="id" Type="int(11)" Null="NO" Key="PRI" Extra="auto_increment" Comment="" />
		<field Field="icao" Type="varchar(4)" Null="NO" Key="" Default="" Extra="" Comment="" />
		<field Field="name" Type="varchar(12)" Null="NO" Key="" Default="" Extra="" Comment="" />
		<field Field="fullname" Type="varchar(50)" Null="NO" Key="" Default="" Extra="" Comment="" />
		<field Field="registration" Type="varchar(30)" Null="NO" Key="" Extra="" Comment="" />
		<field Field="downloadlink" Type="text" Null="NO" Key="" Extra="" Comment="" />
		<field Field="imagelink" Type="text" Null="NO" Key="" Extra="" Comment="" />
		<field Field="range" Type="varchar(15)" Null="NO" Key="" Default="0" Extra="" Comment="" />
		<field Field="weight" Type="varchar(15)" Null="NO" Key="" Default="0" Extra="" Comment="" />
		<field Field="cruise" Type="varchar(15)" Null="NO" Key="" Default="0" Extra="" Comment="" />
		<field Field="maxpax" Type="float" Null="NO" Key="" Default="0" Extra="" Comment="" />
		<field Field="maxcargo" Type="float" Null="NO" Key="" Default="0" Extra="" Comment="" />
		<field Field="minrank" Type="int(11)" Null="NO" Key="" Default="0" Extra="" Comment="" />
		<field Field="ranklevel" Type="int(11)" Null="NO" Key="" Default="0" Extra="" Comment="" />
		<field Field="enabled" Type="smallint(6)" Null="NO" Key="" Default="1" Extra="" Comment="" />
		<key Table="phpvms_aircraft" Non_unique="0" Key_name="PRIMARY" Seq_in_index="1" Column_name="id" Collation="A" Cardinality="1" Null="" Index_type="BTREE" Comment="" />
		<options Name="phpvms_aircraft" Engine="InnoDB" Version="10" Row_format="Compact" Rows="1" Avg_row_length="16384" Data_length="16384" Max_data_length="0" Index_length="0" Data_free="9437184" Auto_increment="2" Create_time="2011-11-17 20:33:50" Collation="latin1_swedish_ci" Create_options="" Comment="" />
	</table_structure>
	<table_structure name="phpvms_airlines">
		<field Field="id" Type="int(11)" Null="NO" Key="PRI" Extra="auto_increment" Comment="" />
		<field Field="code" Type="char(3)" Null="NO" Key="UNI" Default="" Extra="" Comment="" />
		<field Field="name" Type="varchar(30)" Null="NO" Key="" Default="" Extra="" Comment="" />
		<field Field="enabled" Type="smallint(6)" Null="NO" Key="" Default="1" Extra="" Comment="" />
		<key Table="phpvms_airlines" Non_unique="0" Key_name="PRIMARY" Seq_in_index="1" Column_name="id" Collation="A" Cardinality="1" Null="" Index_type="BTREE" Comment="" />
		<key Table="phpvms_airlines" Non_unique="0" Key_name="code" Seq_in_index="1" Column_name="code" Collation="A" Cardinality="1" Null="" Index_type="BTREE" Comment="" />
		<options Name="phpvms_airlines" Engine="InnoDB" Version="10" Row_format="Compact" Rows="1" Avg_row_length="16384" Data_length="16384" Max_data_length="0" Index_length="16384" Data_free="9437184" Auto_increment="2" Create_time="2011-11-17 20:33:50" Collation="latin1_swedish_ci" Create_options="" Comment="" />
	</table_structure>
	<table_structure name="phpvms_airports">
		<field Field="id" Type="int(11)" Null="NO" Key="PRI" Extra="auto_increment" Comment="" />
		<field Field="icao" Type="varchar(5)" Null="NO" Key="UNI" Default="" Extra="" Comment="" />
		<field Field="name" Type="text" Null="NO" Key="" Extra="" Comment="" />
		<field Field="country" Type="varchar(50)" Null="NO" Key="" Default="" Extra="" Comment="" />
		<field Field="lat" Type="float" Null="NO" Key="" Default="0" Extra="" Comment="" />
		<field Field="lng" Type="float" Null="NO" Key="" Default="0" Extra="" Comment="" />
		<field Field="hub" Type="smallint(6)" Null="NO" Key="" Default="0" Extra="" Comment="" />
		<field Field="fuelprice" Type="float" Null="NO" Key="" Default="0" Extra="" Comment="" />
		<field Field="chartlink" Type="text" Null="NO" Key="" Extra="" Comment="" />
		<key Table="phpvms_airports" Non_unique="0" Key_name="PRIMARY" Seq_in_index="1" Column_name="id" Collation="A" Cardinality="3" Null="" Index_type="BTREE" Comment="" />
		<key Table="phpvms_airports" Non_unique="0" Key_name="icao" Seq_in_index="1" Column_name="icao" Collation="A" Cardinality="3" Null="" Index_type="BTREE" Comment="" />
		<options Name="phpvms_airports" Engine="InnoDB" Version="10" Row_format="Compact" Rows="3" Avg_row_length="5461" Data_length="16384" Max_data_length="0" Index_length="16384" Data_free="9437184" Auto_increment="5" Create_time="2011-11-17 20:33:50" Collation="latin1_swedish_ci" Create_options="" Comment="" />
	</table_structure>
	<table_structure name="phpvms_awards">
		<field Field="awardid" Type="int(11)" Null="NO" Key="PRI" Extra="auto_increment" Comment="" />
		<field Field="name" Type="varchar(25)" Null="NO" Key="" Extra="" Comment="" />
		<field Field="descrip" Type="varchar(100)" Null="NO" Key="" Extra="" Comment="" />
		<field Field="image" Type="text" Null="NO" Key="" Extra="" Comment="" />
		<key Table="phpvms_awards" Non_unique="0" Key_name="PRIMARY" Seq_in_index="1" Column_name="awardid" Collation="A" Cardinality="0" Null="" Index_type="BTREE" Comment="" />
		<options Name="phpvms_awards" Engine="MyISAM" Version="10" Row_format="Dynamic" Rows="0" Avg_row_length="0" Data_length="0" Max_data_length="281474976710655" Index_length="1024" Data_free="0" Auto_increment="1" Create_time="2011-03-23 18:46:34" Update_time="2011-03-23 18:46:34" Collation="latin1_swedish_ci" Create_options="" Comment="" />
	</table_structure>
	<table_structure name="phpvms_awardsgranted">
		<field Field="id" Type="int(11)" Null="NO" Key="PRI" Extra="auto_increment" Comment="" />
		<field Field="awardid" Type="int(11)" Null="NO" Key="" Extra="" Comment="" />
		<field Field="pilotid" Type="int(11)" Null="NO" Key="" Extra="" Comment="" />
		<field Field="dateissued" Type="datetime" Null="NO" Key="" Extra="" Comment="" />
		<key Table="phpvms_awardsgranted" Non_unique="0" Key_name="PRIMARY" Seq_in_index="1" Column_name="id" Collation="A" Cardinality="0" Null="" Index_type="BTREE" Comment="" />
		<options Name="phpvms_awardsgranted" Engine="MyISAM" Version="10" Row_format="Fixed" Rows="0" Avg_row_length="0" Data_length="0" Max_data_length="5910974510923775" Index_length="1024" Data_free="0" Auto_increment="1" Create_time="2011-03-23 18:46:34" Update_time="2011-03-23 18:46:34" Collation="latin1_swedish_ci" Create_options="" Comment="" />
	</table_structure>
	<table_structure name="phpvms_bids">
		<field Field="bidid" Type="int(11)" Null="NO" Key="PRI" Extra="auto_increment" Comment="" />
		<field Field="pilotid" Type="int(11)" Null="NO" Key="" Default="0" Extra="" Comment="" />
		<field Field="routeid" Type="int(11)" Null="NO" Key="" Default="0" Extra="" Comment="" />
		<field Field="dateadded" Type="date" Null="NO" Key="" Extra="" Comment="" />
		<key Table="phpvms_bids" Non_unique="0" Key_name="PRIMARY" Seq_in_index="1" Column_name="bidid" Collation="A" Cardinality="0" Null="" Index_type="BTREE" Comment="" />
		<options Name="phpvms_bids" Engine="InnoDB" Version="10" Row_format="Compact" Rows="0" Avg_row_length="0" Data_length="16384" Max_data_length="0" Index_length="0" Data_free="9437184" Auto_increment="1" Create_time="2011-11-17 20:33:50" Collation="latin1_swedish_ci" Create_options="" Comment="" />
	</table_structure>
	<table_structure name="phpvms_customfields">
		<field Field="fieldid" Type="int(11)" Null="NO" Key="PRI" Extra="auto_increment" Comment="" />
		<field Field="title" Type="varchar(75)" Null="NO" Key="" Extra="" Comment="" />
		<field Field="fieldname" Type="varchar(75)" Null="NO" Key="UNI" Extra="" Comment="" />
		<field Field="value" Type="text" Null="NO" Key="" Extra="" Comment="" />
		<field Field="type" Type="varchar(25)" Null="NO" Key="" Default="text" Extra="" Comment="" />
		<field Field="public" Type="smallint(6)" Null="NO" Key="" Default="0" Extra="" Comment="" />
		<field Field="showonregister" Type="smallint(6)" Null="NO" Key="" Default="0" Extra="" Comment="" />
		<key Table="phpvms_customfields" Non_unique="0" Key_name="PRIMARY" Seq_in_index="1" Column_name="fieldid" Collation="A" Cardinality="0" Null="" Index_type="BTREE" Comment="" />
		<key Table="phpvms_customfields" Non_unique="0" Key_name="fieldname" Seq_in_index="1" Column_name="fieldname" Collation="A" Cardinality="0" Null="" Index_type="BTREE" Comment="" />
		<options Name="phpvms_customfields" Engine="InnoDB" Version="10" Row_format="Compact" Rows="0" Avg_row_length="0" Data_length="16384" Max_data_length="0" Index_length="16384" Data_free="9437184" Auto_increment="1" Create_time="2011-11-17 20:33:50" Collation="latin1_swedish_ci" Create_options="" Comment="" />
	</table_structure>
	<table_structure name="phpvms_downloads">
		<field Field="id" Type="int(11)" Null="NO" Key="PRI" Extra="auto_increment" Comment="" />
		<field Field="pid" Type="int(11)" Null="YES" Key="" Extra="" Comment="" />
		<field Field="name" Type="varchar(50)" Null="YES" Key="" Extra="" Comment="" />
		<field Field="description" Type="text" Null="YES" Key="" Extra="" Comment="" />
		<field Field="link" Type="text" Null="YES" Key="" Extra="" Comment="" />
		<field Field="image" Type="text" Null="YES" Key="" Extra="" Comment="" />
		<field Field="hits" Type="int(11)" Null="YES" Key="" Extra="" Comment="" />
		<key Table="phpvms_downloads" Non_unique="0" Key_name="PRIMARY" Seq_in_index="1" Column_name="id" Collation="A" Cardinality="0" Null="" Index_type="BTREE" Comment="" />
		<options Name="phpvms_downloads" Engine="MyISAM" Version="10" Row_format="Dynamic" Rows="0" Avg_row_length="0" Data_length="0" Max_data_length="281474976710655" Index_length="1024" Data_free="0" Auto_increment="1" Create_time="2011-03-23 18:46:34" Update_time="2011-03-23 18:46:34" Collation="latin1_swedish_ci" Create_options="" Comment="" />
	</table_structure>
	<table_structure name="phpvms_expenselog">
		<field Field="dateadded" Type="int(11)" Null="NO" Key="MUL" Extra="" Comment="" />
		<field Field="name" Type="varchar(25)" Null="NO" Key="" Extra="" Comment="" />
		<field Field="type" Type="varchar(2)" Null="NO" Key="" Extra="" Comment="" />
		<field Field="cost" Type="float" Null="NO" Key="" Extra="" Comment="" />
		<key Table="phpvms_expenselog" Non_unique="1" Key_name="dateadded" Seq_in_index="1" Column_name="dateadded" Collation="A" Null="" Index_type="BTREE" Comment="" />
		<options Name="phpvms_expenselog" Engine="MyISAM" Version="10" Row_format="Dynamic" Rows="0" Avg_row_length="0" Data_length="0" Max_data_length="281474976710655" Index_length="1024" Data_free="0" Create_time="2011-03-23 18:46:34" Update_time="2011-03-23 18:46:34" Collation="latin1_swedish_ci" Create_options="" Comment="" />
	</table_structure>
	<table_structure name="phpvms_expenses">
		<field Field="id" Type="int(11)" Null="NO" Key="PRI" Extra="auto_increment" Comment="" />
		<field Field="name" Type="varchar(25)" Null="NO" Key="" Extra="" Comment="" />
		<field Field="cost" Type="float" Null="NO" Key="" Extra="" Comment="" />
		<field Field="fixed" Type="int(11)" Null="NO" Key="" Default="0" Extra="" Comment="" />
		<field Field="type" Type="varchar(1)" Null="NO" Key="" Default="M" Extra="" Comment="" />
		<key Table="phpvms_expenses" Non_unique="0" Key_name="PRIMARY" Seq_in_index="1" Column_name="id" Collation="A" Cardinality="0" Null="" Index_type="BTREE" Comment="" />
		<options Name="phpvms_expenses" Engine="MyISAM" Version="10" Row_format="Dynamic" Rows="0" Avg_row_length="0" Data_length="0" Max_data_length="281474976710655" Index_length="1024" Data_free="0" Auto_increment="1" Create_time="2011-03-23 18:46:34" Update_time="2011-03-23 18:46:34" Collation="latin1_swedish_ci" Create_options="" Comment="" />
	</table_structure>
	<table_structure name="phpvms_fieldvalues">
		<field Field="id" Type="int(11)" Null="NO" Key="PRI" Extra="auto_increment" Comment="" />
		<field Field="fieldid" Type="int(11)" Null="NO" Key="MUL" Extra="" Comment="" />
		<field Field="pilotid" Type="int(11)" Null="NO" Key="MUL" Extra="" Comment="" />
		<field Field="value" Type="text" Null="NO" Key="" Extra="" Comment="" />
		<key Table="phpvms_fieldvalues" Non_unique="0" Key_name="PRIMARY" Seq_in_index="1" Column_name="id" Collation="A" Cardinality="0" Null="" Index_type="BTREE" Comment="" />
		<key Table="phpvms_fieldvalues" Non_unique="1" Key_name="phpvms_fieldvalues_ibfk_1" Seq_in_index="1" Column_name="fieldid" Collation="A" Cardinality="0" Null="" Index_type="BTREE" Comment="" />
		<key Table="phpvms_fieldvalues" Non_unique="1" Key_name="phpvms_fieldvalues_ibfk_2" Seq_in_index="1" Column_name="pilotid" Collation="A" Cardinality="0" Null="" Index_type="BTREE" Comment="" />
		<options Name="phpvms_fieldvalues" Engine="InnoDB" Version="10" Row_format="Compact" Rows="0" Avg_row_length="0" Data_length="16384" Max_data_length="0" Index_length="32768" Data_free="9437184" Auto_increment="1" Create_time="2011-11-17 20:33:50" Collation="latin1_swedish_ci" Create_options="" Comment="" />
	</table_structure>
	<table_structure name="phpvms_financedata">
		<field Field="id" Type="int(11)" Null="NO" Key="PRI" Extra="auto_increment" Comment="" />
		<field Field="month" Type="int(11)" Null="NO" Key="" Extra="" Comment="" />
		<field Field="year" Type="int(11)" Null="NO" Key="" Extra="" Comment="" />
		<field Field="data" Type="text" Null="NO" Key="" Extra="" Comment="" />
		<field Field="total" Type="float" Null="NO" Key="" Extra="" Comment="" />
		<key Table="phpvms_financedata" Non_unique="0" Key_name="PRIMARY" Seq_in_index="1" Column_name="id" Collation="A" Cardinality="0" Null="" Index_type="BTREE" Comment="" />
		<options Name="phpvms_financedata" Engine="MyISAM" Version="10" Row_format="Dynamic" Rows="0" Avg_row_length="0" Data_length="0" Max_data_length="281474976710655" Index_length="1024" Data_free="0" Auto_increment="1" Create_time="2011-03-23 18:46:34" Update_time="2011-03-23 18:46:34" Collation="latin1_swedish_ci" Create_options="" Comment="" />
	</table_structure>
	<table_structure name="phpvms_fuelprices">
		<field Field="id" Type="int(11)" Null="NO" Key="PRI" Extra="auto_increment" Comment="" />
		<field Field="icao" Type="varchar(4)" Null="NO" Key="" Extra="" Comment="" />
		<field Field="lowlead" Type="float" Null="NO" Key="" Extra="" Comment="" />
		<field Field="jeta" Type="float" Null="NO" Key="" Extra="" Comment="" />
		<field Field="dateupdated" Type="datetime" Null="NO" Key="" Extra="" Comment="" />
		<key Table="phpvms_fuelprices" Non_unique="0" Key_name="PRIMARY" Seq_in_index="1" Column_name="id" Collation="A" Cardinality="1" Null="" Index_type="BTREE" Comment="" />
		<options Name="phpvms_fuelprices" Engine="MyISAM" Version="10" Row_format="Dynamic" Rows="1" Avg_row_length="32" Data_length="32" Max_data_length="281474976710655" Index_length="2048" Data_free="0" Auto_increment="2" Create_time="2011-03-23 18:46:34" Update_time="2011-03-24 18:07:10" Collation="latin1_swedish_ci" Create_options="" Comment="" />
	</table_structure>
	<table_structure name="phpvms_groupmembers">
		<field Field="id" Type="int(11)" Null="NO" Key="PRI" Extra="auto_increment" Comment="" />
		<field Field="groupid" Type="int(11)" Null="NO" Key="MUL" Default="0" Extra="" Comment="" />
		<field Field="pilotid" Type="int(11)" Null="NO" Key="MUL" Default="0" Extra="" Comment="" />
		<key Table="phpvms_groupmembers" Non_unique="0" Key_name="PRIMARY" Seq_in_index="1" Column_name="id" Collation="A" Cardinality="6" Null="" Index_type="BTREE" Comment="" />
		<key Table="phpvms_groupmembers" Non_unique="1" Key_name="phpvms_groupmembers_ibfk_1" Seq_in_index="1" Column_name="groupid" Collation="A" Cardinality="6" Null="" Index_type="BTREE" Comment="" />
		<key Table="phpvms_groupmembers" Non_unique="1" Key_name="phpvms_groupmembers_ibfk_2" Seq_in_index="1" Column_name="pilotid" Collation="A" Cardinality="6" Null="" Index_type="BTREE" Comment="" />
		<options Name="phpvms_groupmembers" Engine="InnoDB" Version="10" Row_format="Compact" Rows="6" Avg_row_length="2730" Data_length="16384" Max_data_length="0" Index_length="32768" Data_free="9437184" Auto_increment="338" Create_time="2011-11-17 20:33:50" Collation="latin1_swedish_ci" Create_options="" Comment="" />
	</table_structure>
	<table_structure name="phpvms_groups">
		<field Field="groupid" Type="int(11)" Null="NO" Key="PRI" Extra="auto_increment" Comment="" />
		<field Field="name" Type="varchar(25)" Null="NO" Key="UNI" Default="" Extra="" Comment="" />
		<field Field="permissions" Type="varchar(25)" Null="NO" Key="" Default="" Extra="" Comment="" />
		<field Field="core" Type="tinyint(4)" Null="NO" Key="" Default="0" Extra="" Comment="" />
		<key Table="phpvms_groups" Non_unique="0" Key_name="PRIMARY" Seq_in_index="1" Column_name="groupid" Collation="A" Cardinality="3" Null="" Index_type="BTREE" Comment="" />
		<key Table="phpvms_groups" Non_unique="0" Key_name="name" Seq_in_index="1" Column_name="name" Collation="A" Cardinality="3" Null="" Index_type="BTREE" Comment="" />
		<options Name="phpvms_groups" Engine="InnoDB" Version="10" Row_format="Compact" Rows="3" Avg_row_length="5461" Data_length="16384" Max_data_length="0" Index_length="16384" Data_free="9437184" Auto_increment="5" Create_time="2011-11-17 20:33:50" Collation="latin1_swedish_ci" Create_options="" Comment="" />
	</table_structure>
	<table_structure name="phpvms_ledger">
		<field Field="id" Type="int(11)" Null="NO" Key="PRI" Extra="auto_increment" Comment="" />
		<field Field="pilotid" Type="int(11)" Null="NO" Key="MUL" Extra="" Comment="" />
		<field Field="pirepid" Type="int(11)" Null="NO" Key="MUL" Default="0" Extra="" Comment="" />
		<field Field="paysource" Type="tinyint(4)" Null="NO" Key="" Extra="" Comment="" />
		<field Field="paytype" Type="int(11)" Null="NO" Key="" Default="3" Extra="" Comment="" />
		<field Field="amount" Type="float(7,2)" Null="NO" Key="" Default="0.00" Extra="" Comment="" />
		<field Field="submitdate" Type="datetime" Null="NO" Key="" Extra="" Comment="" />
		<field Field="modifieddate" Type="datetime" Null="NO" Key="" Extra="" Comment="" />
		<key Table="phpvms_ledger" Non_unique="0" Key_name="PRIMARY" Seq_in_index="1" Column_name="id" Collation="A" Cardinality="86" Null="" Index_type="BTREE" Comment="" />
		<key Table="phpvms_ledger" Non_unique="1" Key_name="pilot_id" Seq_in_index="1" Column_name="pilotid" Collation="A" Null="" Index_type="BTREE" Comment="" />
		<key Table="phpvms_ledger" Non_unique="1" Key_name="pirepid" Seq_in_index="1" Column_name="pirepid" Collation="A" Null="" Index_type="BTREE" Comment="" />
		<options Name="phpvms_ledger" Engine="MyISAM" Version="10" Row_format="Fixed" Rows="86" Avg_row_length="38" Data_length="3306" Max_data_length="10696049115004927" Index_length="4096" Data_free="38" Auto_increment="1425" Create_time="2011-04-17 20:56:57" Update_time="2012-01-16 15:31:37" Collation="latin1_swedish_ci" Create_options="" Comment="" />
	</table_structure>
	<table_structure name="phpvms_navdata">
		<field Field="id" Type="int(11)" Null="NO" Key="PRI" Extra="auto_increment" Comment="" />
		<field Field="name" Type="varchar(7)" Null="NO" Key="MUL" Extra="" Comment="" />
		<field Field="title" Type="varchar(25)" Null="NO" Key="" Extra="" Comment="" />
		<field Field="airway" Type="varchar(7)" Null="YES" Key="MUL" Extra="" Comment="" />
		<field Field="airway_type" Type="varchar(1)" Null="YES" Key="" Extra="" Comment="" />
		<field Field="seq" Type="int(11)" Null="NO" Key="" Extra="" Comment="" />
		<field Field="loc" Type="varchar(4)" Null="NO" Key="" Extra="" Comment="" />
		<field Field="lat" Type="float(8,6)" Null="NO" Key="" Extra="" Comment="" />
		<field Field="lng" Type="float(9,6)" Null="NO" Key="" Extra="" Comment="" />
		<field Field="freq" Type="varchar(7)" Null="NO" Key="" Extra="" Comment="" />
		<field Field="type" Type="int(11)" Null="NO" Key="" Extra="" Comment="" />
		<key Table="phpvms_navdata" Non_unique="0" Key_name="PRIMARY" Seq_in_index="1" Column_name="id" Collation="A" Cardinality="92806" Null="" Index_type="BTREE" Comment="" />
		<key Table="phpvms_navdata" Non_unique="1" Key_name="name" Seq_in_index="1" Column_name="name" Collation="A" Cardinality="46403" Null="" Index_type="BTREE" Comment="" />
		<key Table="phpvms_navdata" Non_unique="1" Key_name="airway" Seq_in_index="1" Column_name="airway" Collation="A" Cardinality="18561" Null="YES" Index_type="BTREE" Comment="" />
		<options Name="phpvms_navdata" Engine="MyISAM" Version="10" Row_format="Dynamic" Rows="92806" Avg_row_length="47" Data_length="4390124" Max_data_length="281474976710655" Index_length="3108864" Data_free="0" Auto_increment="92807" Create_time="2011-03-24 17:44:55" Update_time="2011-03-24 17:44:57" Check_time="2011-03-24 17:44:58" Collation="latin1_swedish_ci" Create_options="" Comment="" />
	</table_structure>
	<table_structure name="phpvms_news">
		<field Field="id" Type="int(11)" Null="NO" Key="PRI" Extra="auto_increment" Comment="" />
		<field Field="subject" Type="varchar(30)" Null="NO" Key="" Default="" Extra="" Comment="" />
		<field Field="body" Type="text" Null="NO" Key="" Extra="" Comment="" />
		<field Field="postdate" Type="datetime" Null="NO" Key="" Default="0000-00-00 00:00:00" Extra="" Comment="" />
		<field Field="postedby" Type="varchar(50)" Null="NO" Key="" Default="" Extra="" Comment="" />
		<key Table="phpvms_news" Non_unique="0" Key_name="PRIMARY" Seq_in_index="1" Column_name="id" Collation="A" Cardinality="2" Null="" Index_type="BTREE" Comment="" />
		<options Name="phpvms_news" Engine="InnoDB" Version="10" Row_format="Compact" Rows="2" Avg_row_length="8192" Data_length="16384" Max_data_length="0" Index_length="0" Data_free="9437184" Auto_increment="3" Create_time="2011-11-17 20:33:50" Collation="latin1_swedish_ci" Create_options="" Comment="" />
	</table_structure>
	<table_structure name="phpvms_pages">
		<field Field="pageid" Type="int(11)" Null="NO" Key="PRI" Extra="auto_increment" Comment="" />
		<field Field="pagename" Type="varchar(30)" Null="NO" Key="UNI" Default="" Extra="" Comment="" />
		<field Field="filename" Type="varchar(30)" Null="NO" Key="" Default="" Extra="" Comment="" />
		<field Field="order" Type="smallint(6)" Null="NO" Key="" Default="0" Extra="" Comment="" />
		<field Field="postedby" Type="varchar(50)" Null="NO" Key="" Default="" Extra="" Comment="" />
		<field Field="postdate" Type="datetime" Null="NO" Key="" Default="0000-00-00 00:00:00" Extra="" Comment="" />
		<field Field="public" Type="smallint(6)" Null="NO" Key="" Default="0" Extra="" Comment="" />
		<field Field="enabled" Type="smallint(6)" Null="NO" Key="" Default="1" Extra="" Comment="" />
		<key Table="phpvms_pages" Non_unique="0" Key_name="PRIMARY" Seq_in_index="1" Column_name="pageid" Collation="A" Cardinality="0" Null="" Index_type="BTREE" Comment="" />
		<key Table="phpvms_pages" Non_unique="0" Key_name="pagename" Seq_in_index="1" Column_name="pagename" Collation="A" Cardinality="0" Null="" Index_type="BTREE" Comment="" />
		<options Name="phpvms_pages" Engine="InnoDB" Version="10" Row_format="Compact" Rows="0" Avg_row_length="0" Data_length="16384" Max_data_length="0" Index_length="16384" Data_free="9437184" Auto_increment="1" Create_time="2011-11-17 20:33:50" Collation="latin1_swedish_ci" Create_options="" Comment="" />
	</table_structure>
	<table_structure name="phpvms_pilots">
		<field Field="pilotid" Type="int(11)" Null="NO" Key="PRI" Extra="auto_increment" Comment="" />
		<field Field="firstname" Type="varchar(25)" Null="NO" Key="" Default="" Extra="" Comment="" />
		<field Field="lastname" Type="varchar(25)" Null="NO" Key="" Default="" Extra="" Comment="" />
		<field Field="email" Type="varchar(100)" Null="NO" Key="" Default="" Extra="" Comment="" />
		<field Field="code" Type="char(3)" Null="NO" Key="MUL" Default="" Extra="" Comment="" />
		<field Field="location" Type="varchar(32)" Null="NO" Key="" Default="" Extra="" Comment="" />
		<field Field="hub" Type="varchar(4)" Null="NO" Key="" Default="" Extra="" Comment="" />
		<field Field="password" Type="varchar(32)" Null="NO" Key="" Default="" Extra="" Comment="" />
		<field Field="salt" Type="varchar(32)" Null="NO" Key="" Default="" Extra="" Comment="" />
		<field Field="bgimage" Type="varchar(30)" Null="NO" Key="" Default="" Extra="" Comment="" />
		<field Field="lastlogin" Type="date" Null="NO" Key="" Default="0000-00-00" Extra="" Comment="" />
		<field Field="totalflights" Type="int(11)" Null="NO" Key="" Default="0" Extra="" Comment="" />
		<field Field="totalhours" Type="float" Null="NO" Key="" Default="0" Extra="" Comment="" />
		<field Field="totalpay" Type="float" Null="NO" Key="" Default="0" Extra="" Comment="" />
		<field Field="payadjust" Type="float" Null="YES" Key="" Default="0" Extra="" Comment="" />
		<field Field="transferhours" Type="float" Null="NO" Key="" Default="0" Extra="" Comment="" />
		<field Field="rankid" Type="int(11)" Null="NO" Key="" Default="0" Extra="" Comment="" />
		<field Field="rank" Type="varchar(32)" Null="NO" Key="MUL" Default="New Hire" Extra="" Comment="" />
		<field Field="ranklevel" Type="int(11)" Null="NO" Key="" Default="0" Extra="" Comment="" />
		<field Field="confirmed" Type="smallint(5) unsigned" Null="NO" Key="" Default="0" Extra="" Comment="" />
		<field Field="retired" Type="smallint(6)" Null="NO" Key="" Default="0" Extra="" Comment="" />
		<field Field="joindate" Type="datetime" Null="NO" Key="" Default="0000-00-00 00:00:00" Extra="" Comment="" />
		<field Field="lastpirep" Type="datetime" Null="NO" Key="" Default="0000-00-00 00:00:00" Extra="" Comment="" />
		<field Field="lastip" Type="varchar(25)" Null="YES" Key="" Default="" Extra="" Comment="" />
		<field Field="comment" Type="text" Null="YES" Key="" Extra="" Comment="" />
		<key Table="phpvms_pilots" Non_unique="0" Key_name="PRIMARY" Seq_in_index="1" Column_name="pilotid" Collation="A" Cardinality="4" Null="" Index_type="BTREE" Comment="" />
		<key Table="phpvms_pilots" Non_unique="1" Key_name="code" Seq_in_index="1" Column_name="code" Collation="A" Cardinality="2" Null="" Index_type="BTREE" Comment="" />
		<key Table="phpvms_pilots" Non_unique="1" Key_name="rank" Seq_in_index="1" Column_name="rank" Collation="A" Cardinality="2" Null="" Index_type="BTREE" Comment="" />
		<options Name="phpvms_pilots" Engine="InnoDB" Version="10" Row_format="Compact" Rows="4" Avg_row_length="4096" Data_length="16384" Max_data_length="0" Index_length="32768" Data_free="9437184" Auto_increment="324" Create_time="2011-11-17 20:33:50" Collation="latin1_swedish_ci" Create_options="" Comment="" />
	</table_structure>
	<table_structure name="phpvms_pirepcomments">
		<field Field="id" Type="int(11)" Null="NO" Key="PRI" Extra="auto_increment" Comment="" />
		<field Field="pirepid" Type="int(11)" Null="NO" Key="MUL" Extra="" Comment="" />
		<field Field="pilotid" Type="int(11)" Null="NO" Key="" Extra="" Comment="" />
		<field Field="comment" Type="text" Null="NO" Key="" Extra="" Comment="" />
		<field Field="postdate" Type="datetime" Null="NO" Key="" Extra="" Comment="" />
		<key Table="phpvms_pirepcomments" Non_unique="0" Key_name="PRIMARY" Seq_in_index="1" Column_name="id" Collation="A" Cardinality="227" Null="" Index_type="BTREE" Comment="" />
		<key Table="phpvms_pirepcomments" Non_unique="1" Key_name="phpvms_pirepcomments_ibfk_1" Seq_in_index="1" Column_name="pirepid" Collation="A" Cardinality="227" Null="" Index_type="BTREE" Comment="" />
		<options Name="phpvms_pirepcomments" Engine="InnoDB" Version="10" Row_format="Compact" Rows="227" Avg_row_length="72" Data_length="16384" Max_data_length="0" Index_length="16384" Data_free="9437184" Auto_increment="512" Create_time="2011-11-17 20:33:50" Collation="latin1_swedish_ci" Create_options="" Comment="" />
	</table_structure>
	<table_structure name="phpvms_pirepfields">
		<field Field="fieldid" Type="int(11)" Null="NO" Key="PRI" Extra="auto_increment" Comment="" />
		<field Field="title" Type="varchar(25)" Null="NO" Key="" Extra="" Comment="" />
		<field Field="name" Type="varchar(25)" Null="NO" Key="UNI" Extra="" Comment="" />
		<field Field="type" Type="varchar(25)" Null="NO" Key="" Extra="" Comment="" />
		<field Field="options" Type="text" Null="NO" Key="" Extra="" Comment="" />
		<key Table="phpvms_pirepfields" Non_unique="0" Key_name="PRIMARY" Seq_in_index="1" Column_name="fieldid" Collation="A" Cardinality="0" Null="" Index_type="BTREE" Comment="" />
		<key Table="phpvms_pirepfields" Non_unique="0" Key_name="name" Seq_in_index="1" Column_name="name" Collation="A" Cardinality="0" Null="" Index_type="BTREE" Comment="" />
		<options Name="phpvms_pirepfields" Engine="InnoDB" Version="10" Row_format="Compact" Rows="0" Avg_row_length="0" Data_length="16384" Max_data_length="0" Index_length="16384" Data_free="9437184" Auto_increment="1" Create_time="2011-11-17 20:33:50" Collation="latin1_swedish_ci" Create_options="" Comment="" />
	</table_structure>
	<table_structure name="phpvms_pireps">
		<field Field="pirepid" Type="int(11)" Null="NO" Key="PRI" Extra="auto_increment" Comment="" />
		<field Field="pilotid" Type="int(11)" Null="NO" Key="" Default="0" Extra="" Comment="" />
		<field Field="code" Type="char(3)" Null="NO" Key="" Default="" Extra="" Comment="" />
		<field Field="flightnum" Type="varchar(10)" Null="NO" Key="" Default="0" Extra="" Comment="" />
		<field Field="depicao" Type="varchar(4)" Null="NO" Key="" Default="" Extra="" Comment="" />
		<field Field="arricao" Type="varchar(4)" Null="NO" Key="" Default="" Extra="" Comment="" />
		<field Field="route" Type="text" Null="NO" Key="" Extra="" Comment="" />
		<field Field="route_details" Type="text" Null="NO" Key="" Extra="" Comment="" />
		<field Field="aircraft" Type="varchar(12)" Null="NO" Key="" Default="" Extra="" Comment="" />
		<field Field="flighttime" Type="varchar(10)" Null="NO" Key="" Default="" Extra="" Comment="" />
		<field Field="flighttime_stamp" Type="time" Null="NO" Key="" Extra="" Comment="" />
		<field Field="distance" Type="smallint(6)" Null="NO" Key="" Default="0" Extra="" Comment="" />
		<field Field="landingrate" Type="float" Null="NO" Key="" Default="0" Extra="" Comment="" />
		<field Field="submitdate" Type="datetime" Null="NO" Key="" Default="0000-00-00 00:00:00" Extra="" Comment="" />
		<field Field="modifieddate" Type="datetime" Null="NO" Key="" Extra="" Comment="" />
		<field Field="accepted" Type="smallint(6)" Null="NO" Key="" Default="0" Extra="" Comment="" />
		<field Field="log" Type="text" Null="NO" Key="" Extra="" Comment="" />
		<field Field="load" Type="int(11)" Null="NO" Key="" Extra="" Comment="" />
		<field Field="fuelused" Type="float" Null="NO" Key="" Default="0" Extra="" Comment="" />
		<field Field="fuelunitcost" Type="float" Null="NO" Key="" Default="0" Extra="" Comment="" />
		<field Field="fuelprice" Type="float" Null="NO" Key="" Default="5.1" Extra="" Comment="" />
		<field Field="price" Type="float" Null="NO" Key="" Extra="" Comment="" />
		<field Field="flighttype" Type="varchar(1)" Null="NO" Key="" Default="P" Extra="" Comment="" />
		<field Field="gross" Type="float" Null="NO" Key="" Default="0" Extra="" Comment="" />
		<field Field="pilotpay" Type="float" Null="NO" Key="" Extra="" Comment="" />
		<field Field="paytype" Type="tinyint(1)" Null="NO" Key="" Default="1" Extra="" Comment="" />
		<field Field="expenses" Type="float" Null="NO" Key="" Extra="" Comment="" />
		<field Field="expenselist" Type="blob" Null="NO" Key="" Extra="" Comment="" />
		<field Field="revenue" Type="float" Null="NO" Key="" Extra="" Comment="" />
		<field Field="source" Type="varchar(25)" Null="NO" Key="" Extra="" Comment="" />
		<field Field="exported" Type="tinyint(4)" Null="NO" Key="" Extra="" Comment="" />
		<field Field="rawdata" Type="text" Null="NO" Key="" Extra="" Comment="" />
		<key Table="phpvms_pireps" Non_unique="0" Key_name="PRIMARY" Seq_in_index="1" Column_name="pirepid" Collation="A" Cardinality="242" Null="" Index_type="BTREE" Comment="" />
		<options Name="phpvms_pireps" Engine="InnoDB" Version="10" Row_format="Compact" Rows="219" Avg_row_length="7256" Data_length="1589248" Max_data_length="0" Index_length="0" Data_free="9437184" Auto_increment="547" Create_time="2011-11-17 20:33:50" Collation="latin1_swedish_ci" Create_options="" Comment="" />
	</table_structure>
	<table_structure name="phpvms_pirepvalues">
		<field Field="id" Type="int(11)" Null="NO" Key="PRI" Extra="auto_increment" Comment="" />
		<field Field="fieldid" Type="int(11)" Null="NO" Key="" Extra="" Comment="" />
		<field Field="pirepid" Type="int(11)" Null="NO" Key="" Extra="" Comment="" />
		<field Field="value" Type="text" Null="NO" Key="" Extra="" Comment="" />
		<key Table="phpvms_pirepvalues" Non_unique="0" Key_name="PRIMARY" Seq_in_index="1" Column_name="id" Collation="A" Cardinality="0" Null="" Index_type="BTREE" Comment="" />
		<options Name="phpvms_pirepvalues" Engine="InnoDB" Version="10" Row_format="Compact" Rows="0" Avg_row_length="0" Data_length="16384" Max_data_length="0" Index_length="0" Data_free="9437184" Auto_increment="1" Create_time="2011-11-17 20:33:50" Collation="latin1_swedish_ci" Create_options="" Comment="" />
	</table_structure>
	<table_structure name="phpvms_ranks">
		<field Field="rankid" Type="int(11)" Null="NO" Key="PRI" Extra="auto_increment" Comment="" />
		<field Field="rank" Type="varchar(32)" Null="NO" Key="UNI" Default="" Extra="" Comment="" />
		<field Field="rankimage" Type="text" Null="NO" Key="" Extra="" Comment="" />
		<field Field="minhours" Type="smallint(6)" Null="NO" Key="" Default="0" Extra="" Comment="" />
		<field Field="payrate" Type="float" Null="NO" Key="" Default="0" Extra="" Comment="" />
		<key Table="phpvms_ranks" Non_unique="0" Key_name="PRIMARY" Seq_in_index="1" Column_name="rankid" Collation="A" Cardinality="1" Null="" Index_type="BTREE" Comment="" />
		<key Table="phpvms_ranks" Non_unique="0" Key_name="rank" Seq_in_index="1" Column_name="rank" Collation="A" Cardinality="1" Null="" Index_type="BTREE" Comment="" />
		<options Name="phpvms_ranks" Engine="InnoDB" Version="10" Row_format="Compact" Rows="1" Avg_row_length="16384" Data_length="16384" Max_data_length="0" Index_length="16384" Data_free="9437184" Auto_increment="2" Create_time="2011-11-17 20:33:50" Collation="latin1_swedish_ci" Create_options="" Comment="" />
	</table_structure>
	<table_structure name="phpvms_schedules">
		<field Field="id" Type="int(11)" Null="NO" Key="PRI" Extra="auto_increment" Comment="" />
		<field Field="code" Type="char(3)" Null="NO" Key="MUL" Default="" Extra="" Comment="" />
		<field Field="flightnum" Type="varchar(10)" Null="NO" Key="MUL" Default="0" Extra="" Comment="" />
		<field Field="depicao" Type="varchar(4)" Null="NO" Key="MUL" Default="" Extra="" Comment="" />
		<field Field="arricao" Type="varchar(4)" Null="NO" Key="" Default="" Extra="" Comment="" />
		<field Field="route" Type="text" Null="NO" Key="" Extra="" Comment="" />
		<field Field="route_details" Type="text" Null="NO" Key="" Extra="" Comment="" />
		<field Field="aircraft" Type="text" Null="NO" Key="" Extra="" Comment="" />
		<field Field="flightlevel" Type="varchar(6)" Null="NO" Key="" Extra="" Comment="" />
		<field Field="distance" Type="float" Null="NO" Key="" Default="0" Extra="" Comment="" />
		<field Field="deptime" Type="varchar(15)" Null="NO" Key="" Default="" Extra="" Comment="" />
		<field Field="arrtime" Type="varchar(15)" Null="NO" Key="" Default="" Extra="" Comment="" />
		<field Field="flighttime" Type="float" Null="NO" Key="" Default="0" Extra="" Comment="" />
		<field Field="daysofweek" Type="varchar(7)" Null="NO" Key="" Default="0123456" Extra="" Comment="" />
		<field Field="week1" Type="varchar(7)" Null="NO" Key="" Default="0123456" Extra="" Comment="" />
		<field Field="week2" Type="varchar(7)" Null="NO" Key="" Default="0123456" Extra="" Comment="" />
		<field Field="week3" Type="varchar(7)" Null="NO" Key="" Default="0123456" Extra="" Comment="" />
		<field Field="week4" Type="varchar(7)" Null="NO" Key="" Default="0123456" Extra="" Comment="" />
		<field Field="price" Type="float" Null="NO" Key="" Extra="" Comment="" />
		<field Field="payforflight" Type="float" Null="NO" Key="" Default="0" Extra="" Comment="" />
		<field Field="flighttype" Type="varchar(1)" Null="NO" Key="" Default="P" Extra="" Comment="" />
		<field Field="timesflown" Type="int(11)" Null="NO" Key="" Default="0" Extra="" Comment="" />
		<field Field="notes" Type="text" Null="NO" Key="" Extra="" Comment="" />
		<field Field="enabled" Type="int(11)" Null="NO" Key="" Default="1" Extra="" Comment="" />
		<field Field="bidid" Type="int(11)" Null="NO" Key="" Default="0" Extra="" Comment="" />
		<key Table="phpvms_schedules" Non_unique="0" Key_name="PRIMARY" Seq_in_index="1" Column_name="id" Collation="A" Cardinality="293" Null="" Index_type="BTREE" Comment="" />
		<key Table="phpvms_schedules" Non_unique="1" Key_name="depicao" Seq_in_index="1" Column_name="depicao" Collation="A" Cardinality="2" Null="" Index_type="BTREE" Comment="" />
		<key Table="phpvms_schedules" Non_unique="1" Key_name="flightnum" Seq_in_index="1" Column_name="flightnum" Collation="A" Cardinality="4" Null="" Index_type="BTREE" Comment="" />
		<key Table="phpvms_schedules" Non_unique="1" Key_name="depicao_arricao" Seq_in_index="1" Column_name="depicao" Collation="A" Cardinality="2" Null="" Index_type="BTREE" Comment="" />
		<key Table="phpvms_schedules" Non_unique="1" Key_name="depicao_arricao" Seq_in_index="2" Column_name="arricao" Collation="A" Cardinality="2" Null="" Index_type="BTREE" Comment="" />
		<key Table="phpvms_schedules" Non_unique="1" Key_name="code" Seq_in_index="1" Column_name="code" Collation="A" Cardinality="2" Null="" Index_type="BTREE" Comment="" />
		<key Table="phpvms_schedules" Non_unique="1" Key_name="idx_code_flightnum" Seq_in_index="1" Column_name="code" Collation="A" Cardinality="2" Null="" Index_type="BTREE" Comment="" />
		<key Table="phpvms_schedules" Non_unique="1" Key_name="idx_code_flightnum" Seq_in_index="2" Column_name="flightnum" Collation="A" Cardinality="4" Null="" Index_type="BTREE" Comment="" />
		<options Name="phpvms_schedules" Engine="InnoDB" Version="10" Row_format="Compact" Rows="305" Avg_row_length="8648" Data_length="2637824" Max_data_length="0" Index_length="81920" Data_free="9437184" Auto_increment="293" Create_time="2011-11-17 20:33:50" Collation="latin1_swedish_ci" Create_options="" Comment="" />
	</table_structure>
	<table_structure name="phpvms_sessions">
		<field Field="id" Type="int(11)" Null="NO" Key="PRI" Extra="auto_increment" Comment="" />
		<field Field="pilotid" Type="int(11)" Null="NO" Key="" Extra="" Comment="" />
		<field Field="ipaddress" Type="varchar(25)" Null="NO" Key="" Extra="" Comment="" />
		<field Field="logintime" Type="datetime" Null="NO" Key="" Extra="" Comment="" />
		<key Table="phpvms_sessions" Non_unique="0" Key_name="PRIMARY" Seq_in_index="1" Column_name="id" Collation="A" Cardinality="15" Null="" Index_type="BTREE" Comment="" />
		<options Name="phpvms_sessions" Engine="MyISAM" Version="10" Row_format="Dynamic" Rows="15" Avg_row_length="44" Data_length="35580" Max_data_length="281474976710655" Index_length="13312" Data_free="34912" Auto_increment="13093" Create_time="2011-03-23 18:46:35" Update_time="2012-01-17 19:19:35" Check_time="2011-11-14 20:01:28" Collation="latin1_swedish_ci" Create_options="" Comment="" />
	</table_structure>
	<table_structure name="phpvms_settings">
		<field Field="id" Type="int(11)" Null="NO" Key="PRI" Extra="auto_increment" Comment="" />
		<field Field="friendlyname" Type="varchar(25)" Null="NO" Key="" Default="" Extra="" Comment="" />
		<field Field="name" Type="varchar(25)" Null="NO" Key="UNI" Default="" Extra="" Comment="" />
		<field Field="value" Type="varchar(150)" Null="NO" Key="" Default="" Extra="" Comment="" />
		<field Field="descrip" Type="varchar(150)" Null="NO" Key="" Default="" Extra="" Comment="" />
		<field Field="core" Type="smallint(6)" Null="NO" Key="" Default="1" Extra="" Comment="" />
		<key Table="phpvms_settings" Non_unique="0" Key_name="PRIMARY" Seq_in_index="1" Column_name="id" Collation="A" Cardinality="7" Null="" Index_type="BTREE" Comment="" />
		<key Table="phpvms_settings" Non_unique="0" Key_name="name" Seq_in_index="1" Column_name="name" Collation="A" Cardinality="7" Null="" Index_type="BTREE" Comment="" />
		<options Name="phpvms_settings" Engine="InnoDB" Version="10" Row_format="Compact" Rows="7" Avg_row_length="2340" Data_length="16384" Max_data_length="0" Index_length="16384" Data_free="9437184" Auto_increment="8" Create_time="2011-11-17 20:33:50" Collation="latin1_swedish_ci" Create_options="" Comment="" />
	</table_structure>
	<table_structure name="phpvms_updates">
		<field Field="id" Type="int(11)" Null="NO" Key="PRI" Extra="auto_increment" Comment="" />
		<field Field="name" Type="varchar(25)" Null="NO" Key="MUL" Extra="" Comment="" />
		<field Field="lastupdate" Type="datetime" Null="NO" Key="" Extra="" Comment="" />
		<key Table="phpvms_updates" Non_unique="0" Key_name="PRIMARY" Seq_in_index="1" Column_name="id" Collation="A" Cardinality="10" Null="" Index_type="BTREE" Comment="" />
		<key Table="phpvms_updates" Non_unique="1" Key_name="name" Seq_in_index="1" Column_name="name" Collation="A" Null="" Index_type="BTREE" Comment="" />
		<options Name="phpvms_updates" Engine="MyISAM" Version="10" Row_format="Dynamic" Rows="10" Avg_row_length="33" Data_length="332" Max_data_length="281474976710655" Index_length="3072" Data_free="0" Auto_increment="11" Create_time="2011-04-12 23:52:07" Update_time="2012-01-17 10:27:18" Collation="latin1_swedish_ci" Create_options="" Comment="" />
	</table_structure>
</database>
</mysqldump>